{
  "MainGridEnergy": 381.05499999999995,
  "D": [
    12.2,
    15.58,
    18.38,
    30.4,
    30.9,
    38.9,
    31.2,
    31.29,
    39.69,
    47.69,
    34.78,
    39.64,
    45.93,
    42.45,
    31.38,
    32.559999999999995,
    13.36,
    26.37,
    27.69,
    19.89,
    20.07,
    16.08,
    1.28,
    1.1
  ],
  "G": [
    0.4369999999999994,
    2.6739999999999995,
    4.776999999999999,
    16.723,
    16.532999999999998,
    24.676,
    16.597,
    16.927999999999997,
    25.735999999999997,
    34.215999999999994,
    21.852,
    26.987000000000002,
    34.166,
    31.278000000000002,
    20.564999999999998,
    22.706999999999994,
    3.3579999999999988,
    16.495,
    17.944000000000003,
    10.389000000000001,
    9.898,
    6.118999999999998,
    0.0,
    0.0
  ]
}