{
  "MainGridEnergy": 636.6590000000001,
  "D": [
    15.4,
    15.4,
    15.4,
    34.7,
    53.900000000000006,
    54.300000000000004,
    62.680000000000014,
    47.26000000000001,
    45.26000000000001,
    39.88,
    49.59000000000001,
    52.19000000000001,
    42.7,
    43.06,
    35.260000000000005,
    63.36,
    52.6,
    41.2,
    42.59,
    36.27000000000001,
    31.459999999999997,
    28.59,
    10.09,
    0.0
  ],
  "G": [
    3.0869999999999997,
    2.8770000000000007,
    1.899000000000001,
    20.944000000000003,
    39.779,
    39.783,
    47.78700000000001,
    32.57200000000001,
    31.449000000000012,
    25.986000000000004,
    36.40800000000001,
    39.567000000000014,
    31.048000000000002,
    31.965000000000003,
    24.764000000000003,
    52.729,
    42.789,
    31.450000000000003,
    32.775000000000006,
    26.67000000000001,
    21.654999999999998,
    18.676000000000002,
    0.0,
    0.0
  ]
}