{
  "MainGridEnergy": 368.12899999999996,
  "D": [
    1.0,
    4.9,
    10.9,
    19.6,
    15.08,
    15.08,
    21.580000000000002,
    23.400000000000002,
    19.080000000000002,
    34.43999999999999,
    26.14,
    43.21999999999999,
    42.779999999999994,
    53.5,
    41.3,
    42.39,
    44.09,
    28.95,
    28.86,
    34.28,
    28.78,
    27.3,
    18.8,
    11.5
  ],
  "G": [
    0.0,
    0.0,
    0.0,
    5.6480000000000015,
    0.6859999999999999,
    0.40499999999999936,
    7.344000000000001,
    8.591000000000003,
    4.694000000000003,
    20.45199999999999,
    12.637,
    30.27499999999999,
    30.759999999999994,
    42.35,
    30.613,
    32.383,
    34.106,
    19.171999999999997,
    19.444,
    24.341,
    18.658,
    17.265,
    8.109,
    0.19599999999999973
  ]
}