{
  "MainGridEnergy": 561.2819999999999,
  "D": [
    14.3,
    34.6,
    38.5,
    40.7,
    50.279999999999994,
    66.6,
    50.17999999999999,
    35.099999999999994,
    36.199999999999996,
    53.9,
    45.5,
    38.5,
    32.5,
    46.6,
    47.6,
    25.200000000000003,
    36.6,
    27.8,
    24.79,
    21.79,
    24.990000000000002,
    24.200000000000003,
    23.1,
    7.7
  ],
  "G": [
    2.099,
    22.229,
    25.003,
    27.038000000000004,
    36.059999999999995,
    52.242999999999995,
    35.30799999999999,
    21.020999999999994,
    21.919999999999995,
    40.25,
    31.935000000000002,
    25.919,
    20.570999999999998,
    35.008,
    36.518,
    14.611000000000002,
    26.723,
    18.269,
    15.110999999999999,
    12.542,
    15.285000000000002,
    13.646000000000003,
    11.973,
    0.0
  ]
}