{
  "MainGridEnergy": 345.14,
  "D": [
    5.68,
    16.4,
    15.4,
    16.599999999999998,
    30.999999999999996,
    30.499999999999996,
    32.58,
    27.88,
    28.56,
    40.28,
    40.78000000000001,
    45.760000000000005,
    40.160000000000004,
    46.25000000000001,
    47.78,
    27.089999999999996,
    19.669999999999998,
    26.49,
    16.97,
    20.29,
    14.389999999999999,
    12.700000000000001,
    11.600000000000001,
    11.600000000000001
  ],
  "G": [
    0.0,
    3.8909999999999982,
    2.4220000000000006,
    2.583999999999998,
    16.636999999999997,
    15.931999999999997,
    18.195999999999998,
    13.626999999999999,
    14.610999999999999,
    26.693,
    27.37400000000001,
    33.11900000000001,
    27.765000000000004,
    34.729000000000006,
    37.189,
    16.621999999999996,
    9.913999999999998,
    17.064,
    7.656999999999998,
    10.763,
    4.943,
    2.8070000000000004,
    0.6010000000000009,
    0.0
  ]
}