{
  "MainGridEnergy": 451.36299999999994,
  "D": [
    12.0,
    13.0,
    13.48,
    17.98,
    33.66,
    33.66,
    21.5,
    27.07,
    23.45,
    38.17,
    41.58,
    27.83,
    46.830000000000005,
    32.239999999999995,
    33.349999999999994,
    30.97,
    41.79,
    51.5,
    43.3,
    43.3,
    37.8,
    31.58,
    28.56,
    16.0
  ],
  "G": [
    0.13299999999999912,
    0.09699999999999953,
    0.5600000000000005,
    4.542,
    19.098999999999997,
    19.476999999999997,
    7.079000000000001,
    12.483,
    9.444999999999999,
    24.150000000000002,
    28.077999999999996,
    15.199999999999998,
    34.46300000000001,
    21.031999999999996,
    22.966999999999995,
    20.342999999999996,
    31.753,
    42.039,
    33.684999999999995,
    33.635,
    28.013999999999996,
    21.022999999999996,
    17.448,
    4.618
  ]
}