{
  "MainGridEnergy": 476.33,
  "D": [
    1.1,
    12.6,
    13.7,
    14.2,
    32.400000000000006,
    48.1,
    33.97,
    39.97,
    34.269999999999996,
    49.15,
    48.77,
    49.28,
    39.66,
    67.05000000000001,
    53.17,
    37.05,
    40.37,
    35.169999999999995,
    24.97,
    20.689999999999998,
    24.979999999999997,
    11.19,
    5.79,
    5.7
  ],
  "G": [
    0.0,
    0.04100000000000037,
    0.7509999999999994,
    0.21199999999999974,
    18.548000000000005,
    33.944,
    19.174,
    25.491,
    19.848999999999997,
    35.04,
    35.655,
    36.304,
    27.387999999999998,
    55.81000000000001,
    42.582,
    26.689999999999998,
    30.571999999999996,
    25.412999999999997,
    15.366999999999999,
    11.431999999999999,
    15.480999999999996,
    0.5860000000000003,
    0.0,
    0.0
  ]
}