{
  "MainGridEnergy": 689.679,
  "D": [
    8.8,
    8.8,
    17.2,
    19.9,
    20.38,
    20.68,
    27.18,
    26.8,
    41.300000000000004,
    46.1,
    40.59,
    65.87,
    71.87,
    72.77,
    72.97,
    82.37,
    71.29,
    48.190000000000005,
    58.39,
    41.480000000000004,
    52.06,
    27.66,
    15.8,
    2.8
  ],
  "G": [
    0.0,
    0.0,
    3.551,
    6.301999999999998,
    6.310999999999998,
    6.589,
    13.052999999999999,
    12.100000000000001,
    26.907000000000004,
    32.692,
    27.479000000000003,
    53.614000000000004,
    60.165000000000006,
    61.681,
    62.15,
    71.815,
    61.38100000000001,
    38.587,
    49.13,
    31.807000000000002,
    42.107,
    17.543,
    4.715,
    0.0
  ]
}