{
  "MainGridEnergy": 255.26999999999998,
  "D": [
    12.28,
    12.76,
    16.98,
    20.18,
    20.18,
    23.1,
    24.279999999999998,
    16.580000000000002,
    15.05,
    8.84,
    14.14,
    16.45,
    15.969999999999999,
    26.99,
    28.75,
    29.76,
    29.85,
    45.78,
    54.349999999999994,
    34.67,
    22.35,
    18.05,
    20.59,
    0.0
  ],
  "G": [
    0.03599999999999959,
    0.3929999999999989,
    3.710000000000001,
    6.228,
    5.927999999999999,
    8.427000000000001,
    9.731999999999998,
    1.8920000000000012,
    1.125,
    0.0,
    0.8420000000000005,
    4.109,
    3.8619999999999983,
    15.772999999999998,
    17.689999999999998,
    19.817,
    20.340000000000003,
    36.518,
    44.62899999999999,
    24.990000000000002,
    12.123000000000001,
    7.479000000000001,
    9.627,
    0.0
  ]
}