{
  "MainGridEnergy": 247.75,
  "D": [
    15.4,
    15.4,
    29.19,
    25.29,
    19.99,
    43.17,
    39.09,
    30.76,
    30.080000000000002,
    36.980000000000004,
    36.48,
    24.37,
    18.17,
    16.27,
    14.0,
    18.48,
    20.08,
    25.5,
    16.7,
    16.6,
    9.4,
    5.0,
    2.2,
    0.0
  ],
  "G": [
    3.450000000000001,
    2.514000000000001,
    15.617,
    11.799999999999999,
    5.761999999999999,
    28.683,
    24.606,
    16.537,
    16.057000000000002,
    22.848000000000006,
    23.269,
    11.767000000000001,
    6.525000000000002,
    5.2509999999999994,
    3.5410000000000004,
    8.559000000000001,
    10.322,
    16.218,
    7.157,
    7.267000000000001,
    0.0,
    0.0,
    0.0,
    0.0
  ]
}